{"cameraMode":{"drawMode":0,"name":"Shaded","section":"Shading Mode"},"sceneLighting":true,"audioPlay":false,"sceneViewState":{"showFog":false,"showMaterialUpdate":false,"showSkybox":false,"showFlares":false,"showImageEffects":false,"showParticleSystems":false},"in2DMode":false,"pivot":{"x":0.1578073501586914,"y":-0.42492103576660159,"z":0.15776968002319337},"rotation":{"x":-0.09608923643827439,"y":0.8942810297012329,"z":-0.23198018968105317,"w":-0.3704235851764679},"size":10.0,"orthographic":false}